1578440915;21.1250000000;42.0000000000;1012.7100000000;3.6480465000
1578440921;21.1250000000;42.0000000000;1012.7100000000;3.6480465000
1578440922;21.1250000000;42.0000000000;1012.6900000000;3.6480465000
1578440923;21.1250000000;42.0000000000;1012.6900000000;3.6480465000
1578440924;21.1875000000;42.0000000000;1012.7000000000;3.6480465000
1578440925;21.1875000000;42.0000000000;1012.7000000000;3.6480465000
1578440926;21.1875000000;44.0000000000;1012.7000000000;3.6480465000
1578440927;21.1875000000;44.0000000000;1012.7000000000;3.6480465000
1578440928;21.1875000000;44.0000000000;1012.6400000000;3.6480465000
1578440972;21.1250000000;40.0000000000;1012.7300000000;3.6480465000
1578441000;21.1875000000;40.0000000000;1012.7700000000;3.6480465000
1578441060;21.1875000000;40.0000000000;1012.7000000000;3.6480465000
1578441120;21.1250000000;43.0000000000;1012.7200000000;3.6480465000
1578441180;21.1875000000;43.0000000000;1012.7000000000;3.6480465000
1578441240;21.1875000000;43.0000000000;1012.7900000000;3.6480465000
1578441300;21.1875000000;44.0000000000;1012.7400000000;3.6480465000
1578441360;21.1250000000;44.0000000000;1012.6900000000;3.6480465000
1578441373;21.1875000000;44.0000000000;1012.6700000000;3.6480465000
1578441390;21.1875000000;44.0000000000;1012.7200000000;3.6480465000
1578441420;21.3750000000;44.0000000000;1012.6600000000;3.6480465000
1578441480;21.7500000000;44.0000000000;1012.6400000000;3.6480465000
1578441540;21.9375000000;44.0000000000;1012.7300000000;3.6480465000
1578441600;22.0625000000;44.0000000000;1012.6500000000;3.6480465000
1578441660;22.1250000000;44.0000000000;1012.6100000000;3.6480465000
1578441720;22.1875000000;44.0000000000;1012.6300000000;3.6480465000
1578441780;22.2500000000;44.0000000000;1012.5900000000;3.6480465000
1578441840;22.2500000000;44.0000000000;1012.6500000000;3.6416016000
1578441900;22.2500000000;44.0000000000;1012.6100000000;3.6480465000
1578441960;22.3125000000;44.0000000000;1012.6300000000;3.6480465000
1578442020;22.3125000000;44.0000000000;1012.5600000000;3.6480465000
1578442080;22.3125000000;44.0000000000;1012.6800000000;3.6480465000
1578442140;22.3750000000;44.0000000000;1012.6600000000;3.6480465000
1578442200;22.3750000000;44.0000000000;1012.6400000000;3.6480465000
1578442260;22.3750000000;44.0000000000;1012.5900000000;3.6480465000
1578442320;22.3750000000;44.0000000000;1012.6700000000;3.6480465000
1578442380;22.3750000000;45.0000000000;1012.7000000000;3.6480465000
1578442440;22.3750000000;45.0000000000;1012.6100000000;3.6480465000
1578442500;22.3750000000;45.0000000000;1012.5900000000;3.6480465000
1578442560;22.3750000000;45.0000000000;1012.6200000000;3.6480465000
1578442620;22.3125000000;45.0000000000;1012.6200000000;3.6480465000
1578442680;22.3125000000;45.0000000000;1012.6500000000;3.6480465000
1578442740;22.3125000000;45.0000000000;1012.6000000000;3.6480465000
1578442800;22.3125000000;45.0000000000;1012.7400000000;3.6480465000
1578442860;22.2500000000;45.0000000000;1012.7300000000;3.6480465000
1578442920;22.2500000000;45.0000000000;1012.7400000000;3.6480465000
1578442980;22.2500000000;45.0000000000;1012.6700000000;3.6480465000
1578443040;22.1875000000;45.0000000000;1012.6300000000;3.6480465000
1578443100;22.1875000000;45.0000000000;1012.6300000000;3.6480465000
1578443160;22.1875000000;45.0000000000;1012.6800000000;3.6480465000
1578443220;22.1875000000;45.0000000000;1012.6800000000;3.6480465000
1578443280;22.1875000000;45.0000000000;1012.7200000000;3.6480465000
1578443340;22.1875000000;45.0000000000;1012.7000000000;3.6480465000
1578443400;22.1875000000;45.0000000000;1012.6800000000;3.6480465000
1578443460;22.1250000000;45.0000000000;1012.6800000000;3.6480465000
1578443520;22.1250000000;45.0000000000;1012.6300000000;3.6480465000
1578443580;22.1250000000;45.0000000000;1012.6600000000;3.6480465000
1578443640;22.1250000000;45.0000000000;1012.6200000000;3.6480465000
1578443700;22.1250000000;45.0000000000;1012.6300000000;3.6480465000
1578443760;22.1250000000;45.0000000000;1012.6200000000;3.6480465000
1578443820;22.1250000000;45.0000000000;1012.6000000000;3.6480465000
1578443880;22.1250000000;45.0000000000;1012.7200000000;3.6480465000
1578443940;22.0625000000;45.0000000000;1012.6000000000;3.6480465000
1578444000;22.0625000000;43.0000000000;1012.6300000000;3.6480465000
1578444060;22.0625000000;43.0000000000;1012.7100000000;3.6480465000
1578444120;22.0625000000;43.0000000000;1012.7000000000;3.6480465000
1578444180;22.0625000000;43.0000000000;1012.7400000000;3.6480465000
1578444240;22.0625000000;43.0000000000;1012.6800000000;3.6480465000
1578444300;22.0000000000;43.0000000000;1012.6800000000;3.6480465000
1578444360;22.0000000000;44.0000000000;1012.6600000000;3.6480465000
1578444420;22.0000000000;44.0000000000;1012.6200000000;3.6480465000
1578444480;22.0000000000;44.0000000000;1012.6500000000;3.6480465000
1578444540;22.0000000000;44.0000000000;1012.6500000000;3.6480465000
1578444600;22.0000000000;44.0000000000;1012.6700000000;3.6480465000
1578444660;22.0000000000;44.0000000000;1012.6400000000;3.6480465000
1578444720;21.9375000000;44.0000000000;1012.6500000000;3.6480465000
1578444780;21.9375000000;44.0000000000;1012.6100000000;3.6480465000
1578444840;21.9375000000;44.0000000000;1012.6300000000;3.6416016000
1578444900;21.9375000000;43.0000000000;1012.6300000000;3.6480465000
1578444960;21.9375000000;43.0000000000;1012.6000000000;3.6480465000
1578445020;21.9375000000;43.0000000000;1012.6600000000;3.6480465000
1578445080;21.9375000000;43.0000000000;1012.6700000000;3.6480465000
1578445140;21.9375000000;43.0000000000;1012.6100000000;3.6480465000
1578445200;21.9375000000;43.0000000000;1012.7000000000;3.6480465000
1578445260;21.8750000000;43.0000000000;1012.5900000000;3.6480465000
1578445320;21.8750000000;43.0000000000;1012.7300000000;3.6480465000
1578445380;21.8750000000;43.0000000000;1012.7400000000;3.6480465000
1578445440;21.8750000000;43.0000000000;1012.7600000000;3.6416016000
1578445500;21.8750000000;43.0000000000;1012.6900000000;3.6416016000
1578445560;21.8750000000;43.0000000000;1012.7100000000;3.6480465000
1578445620;21.8750000000;43.0000000000;1012.7000000000;3.6480465000
1578445680;21.8750000000;43.0000000000;1012.7700000000;3.6480465000
1578445740;21.8750000000;43.0000000000;1012.7400000000;3.6480465000
1578445800;21.8750000000;43.0000000000;1012.6700000000;3.6480465000
1578445860;21.8125000000;43.0000000000;1012.7500000000;3.6480465000
1578445920;21.8125000000;43.0000000000;1012.8100000000;3.6416016000
1578445980;21.8125000000;43.0000000000;1012.7700000000;3.6480465000
1578446040;21.8125000000;43.0000000000;1012.8100000000;3.6480465000
1578446100;21.8125000000;43.0000000000;1012.7700000000;3.6416016000
1578446160;21.8125000000;44.0000000000;1012.7800000000;3.6416016000
1578446220;21.8125000000;44.0000000000;1012.7100000000;3.6480465000
1578446280;21.8125000000;44.0000000000;1012.7500000000;3.6416016000
1578446340;21.8125000000;43.0000000000;1012.7800000000;3.6480465000
1578446400;21.8125000000;43.0000000000;1012.7600000000;3.6480465000
1578446460;21.8125000000;43.0000000000;1012.7100000000;3.6480465000
1578446520;21.7500000000;44.0000000000;1012.7400000000;3.6480465000
1578446580;21.7500000000;44.0000000000;1012.7300000000;3.6480465000
1578446640;21.7500000000;44.0000000000;1012.7900000000;3.6416016000
1578446700;21.7500000000;43.0000000000;1012.7800000000;3.6480465000
1578446760;21.7500000000;43.0000000000;1012.7800000000;3.6480465000
1578446820;21.7500000000;43.0000000000;1012.6800000000;3.6480465000
1578446880;21.7500000000;43.0000000000;1012.7500000000;3.6480465000
1578446940;21.7500000000;43.0000000000;1012.8100000000;3.6480465000
1578447000;21.7500000000;43.0000000000;1012.8300000000;3.6480465000
1578447060;21.7500000000;43.0000000000;1012.8400000000;3.6480465000
1578447120;21.7500000000;43.0000000000;1012.8000000000;3.6480465000
1578447180;21.6875000000;43.0000000000;1012.7700000000;3.6416016000
1578447240;21.6875000000;43.0000000000;1012.7100000000;3.6480465000
1578447300;21.6875000000;43.0000000000;1012.7000000000;3.6416016000
1578447360;21.6875000000;43.0000000000;1012.7800000000;3.6480465000
1578447420;21.6875000000;43.0000000000;1012.7500000000;3.6480465000
1578447480;21.6875000000;43.0000000000;1012.7900000000;3.6480465000
1578447540;21.6875000000;43.0000000000;1012.7200000000;3.6480465000
1578447600;21.6875000000;41.0000000000;1012.8100000000;3.6416016000
1578447660;21.6875000000;41.0000000000;1012.7800000000;3.6480465000
1578447720;21.6875000000;41.0000000000;1012.7700000000;3.6480465000
1578447780;21.6875000000;41.0000000000;1012.7900000000;3.6480465000
1578447840;21.6875000000;41.0000000000;1012.8500000000;3.6416016000
1578447900;21.6875000000;41.0000000000;1012.7600000000;3.6480465000
1578447960;21.6250000000;41.0000000000;1012.7500000000;3.6480465000
1578448020;21.6875000000;41.0000000000;1012.7800000000;3.6480465000
1578448080;21.6250000000;41.0000000000;1012.8100000000;3.6480465000
1578448140;21.6250000000;41.0000000000;1012.8100000000;3.6416016000
1578448200;21.6250000000;41.0000000000;1012.8200000000;3.6416016000
1578448260;21.6250000000;41.0000000000;1012.8200000000;3.6416016000
1578448320;21.6250000000;41.0000000000;1012.8200000000;3.6480465000
1578448380;21.6250000000;41.0000000000;1012.7500000000;3.6416016000
1578448440;21.6250000000;41.0000000000;1012.7300000000;3.6416016000
1578448500;21.6250000000;41.0000000000;1012.8200000000;3.6480465000
1578448560;21.6250000000;41.0000000000;1012.8600000000;3.6416016000
1578448620;21.6250000000;41.0000000000;1012.7400000000;3.6480465000
1578448680;21.6250000000;41.0000000000;1012.7800000000;3.6480465000
1578448740;21.6250000000;41.0000000000;1012.7500000000;3.6416016000
1578448800;21.5625000000;41.0000000000;1012.7900000000;3.6416016000
1578448860;21.6250000000;38.0000000000;1012.8100000000;3.6416016000
1578448920;21.5625000000;38.0000000000;1012.7900000000;3.6416016000
1578448980;21.5625000000;38.0000000000;1012.8100000000;3.6480465000
1578449040;21.5625000000;41.0000000000;1012.8100000000;3.6416016000
1578449100;21.5625000000;41.0000000000;1012.8400000000;3.6416016000
1578449160;21.5625000000;41.0000000000;1012.8600000000;3.6416016000
1578449220;21.5625000000;42.0000000000;1012.8100000000;3.6416016000
1578449280;21.5625000000;42.0000000000;1012.7900000000;3.6416016000
1578449340;21.5625000000;42.0000000000;1012.8300000000;3.6416016000
1578449400;21.5625000000;38.0000000000;1012.8300000000;3.6416016000
1578449460;21.5625000000;38.0000000000;1012.7800000000;3.6416016000
1578449520;21.5625000000;38.0000000000;1012.7500000000;3.6416016000
1578449580;21.5625000000;41.0000000000;1012.7500000000;3.6480465000
1578449640;21.5625000000;41.0000000000;1012.8400000000;3.6416016000
1578449700;21.5625000000;41.0000000000;1012.8400000000;3.6416016000
1578449760;21.5000000000;39.0000000000;1012.8100000000;3.6480465000
1578449820;21.5625000000;39.0000000000;1012.8200000000;3.6416016000
1578449880;21.5000000000;39.0000000000;1012.8800000000;3.6416016000
1578449940;21.5625000000;42.0000000000;1012.8200000000;3.6416016000
1578450000;21.5000000000;42.0000000000;1012.7900000000;3.6416016000
1578450060;21.5000000000;42.0000000000;1012.7500000000;3.6416016000
1578450120;21.5000000000;42.0000000000;1012.8100000000;3.6416016000
1578450180;21.5000000000;42.0000000000;1012.7600000000;3.6416016000
1578450240;21.5000000000;42.0000000000;1012.7600000000;3.6416016000
1578450300;21.5000000000;38.0000000000;1012.8000000000;3.6416016000
1578450360;21.5000000000;38.0000000000;1012.8400000000;3.6416016000
1578450420;21.5000000000;38.0000000000;1012.8400000000;3.6416016000
1578450480;21.5000000000;38.0000000000;1012.8200000000;3.6416016000
1578450540;21.5000000000;38.0000000000;1012.7900000000;3.6416016000
1578450600;21.5000000000;38.0000000000;1012.7800000000;3.6416016000
1578450660;21.5000000000;39.0000000000;1012.8600000000;3.6416016000
1578450720;21.5000000000;39.0000000000;1012.8500000000;3.6416016000
1578450780;21.5000000000;39.0000000000;1012.8200000000;3.6416016000
1578450840;21.5000000000;38.0000000000;1012.8400000000;3.6416016000
1578450900;21.4375000000;38.0000000000;1012.8400000000;3.6416016000
1578450960;21.5000000000;38.0000000000;1012.8500000000;3.6416016000
1578451020;21.5000000000;40.0000000000;1012.8200000000;3.6416016000
1578451080;21.4375000000;40.0000000000;1012.8900000000;3.6416016000
1578451140;21.4375000000;40.0000000000;1012.8900000000;3.6416016000
1578451200;21.4375000000;39.0000000000;1012.8500000000;3.6416016000
1578451260;21.4375000000;39.0000000000;1012.8500000000;3.6416016000
1578451320;21.4375000000;39.0000000000;1012.9600000000;3.6416016000
1578451380;21.4375000000;38.0000000000;1012.9300000000;3.6416016000
1578451440;21.4375000000;38.0000000000;1012.8400000000;3.6416016000
1578451500;21.4375000000;38.0000000000;1012.8700000000;3.6416016000
1578451560;21.4375000000;40.0000000000;1012.8900000000;3.6416016000
1578451620;21.4375000000;40.0000000000;1012.8600000000;3.6416016000
1578451680;21.4375000000;40.0000000000;1012.9100000000;3.6416016000
1578451740;21.4375000000;40.0000000000;1012.9900000000;3.6416016000
1578451800;21.4375000000;40.0000000000;1012.9600000000;3.6416016000
1578451860;21.4375000000;40.0000000000;1012.9800000000;3.6480465000
1578451920;21.4375000000;38.0000000000;1012.9400000000;3.6416016000
1578451980;21.4375000000;38.0000000000;1012.9500000000;3.6416016000
1578452040;21.4375000000;38.0000000000;1012.8700000000;3.6416016000
1578452100;21.4375000000;40.0000000000;1012.9500000000;3.6416016000
1578452160;21.4375000000;40.0000000000;1012.8700000000;3.6416016000
1578452220;21.4375000000;40.0000000000;1012.9100000000;3.6416016000
1578452280;21.4375000000;38.0000000000;1012.8600000000;3.6416016000
1578452340;21.4375000000;38.0000000000;1012.9100000000;3.6416016000
1578452400;21.4375000000;38.0000000000;1012.9200000000;3.6416016000
1578452460;21.4375000000;37.0000000000;1012.9500000000;3.6416016000
1578452520;21.3750000000;37.0000000000;1012.9600000000;3.6416016000
1578452580;21.3750000000;37.0000000000;1012.9800000000;3.6416016000
1578452640;21.4375000000;43.0000000000;1012.9700000000;3.6416016000
1578452700;21.4375000000;43.0000000000;1012.9500000000;3.6416016000
1578452760;21.3750000000;43.0000000000;1013.0100000000;3.6416016000
1578452820;21.4375000000;39.0000000000;1012.9200000000;3.6416016000
1578452880;21.3750000000;39.0000000000;1012.9600000000;3.6416016000
1578452940;21.3750000000;39.0000000000;1012.9400000000;3.6416016000
1578453000;21.3750000000;38.0000000000;1013.0000000000;3.6416016000
1578453060;21.3750000000;38.0000000000;1012.9600000000;3.6416016000
1578453120;21.3750000000;38.0000000000;1012.8900000000;3.6416016000
1578453180;21.3750000000;38.0000000000;1012.9500000000;3.6416016000
1578453240;21.3750000000;38.0000000000;1012.9600000000;3.6416016000
1578453300;21.3750000000;38.0000000000;1013.0000000000;3.6416016000
1578453360;21.3750000000;37.0000000000;1012.9700000000;3.6416016000
1578453420;21.3750000000;37.0000000000;1012.9500000000;3.6416016000
1578453480;21.3750000000;37.0000000000;1012.9600000000;3.6416016000
1578453540;21.3750000000;38.0000000000;1012.9200000000;3.6416016000
1578453600;21.3750000000;38.0000000000;1012.9800000000;3.6416016000
1578453660;21.3750000000;38.0000000000;1012.9400000000;3.6416016000
1578453720;21.3750000000;39.0000000000;1012.9300000000;3.6416016000
1578453780;21.3750000000;39.0000000000;1012.9800000000;3.6416016000
1578453840;21.3750000000;39.0000000000;1013.0000000000;3.6416016000
1578453900;21.3750000000;37.0000000000;1012.9400000000;3.6416016000
1578453960;21.3750000000;37.0000000000;1012.9000000000;3.6416016000
1578454020;21.3750000000;37.0000000000;1013.0000000000;3.6416016000
1578454080;21.3750000000;38.0000000000;1012.9700000000;3.6416016000
1578454140;21.3750000000;38.0000000000;1012.9900000000;3.6416016000
1578454200;21.3750000000;38.0000000000;1012.9300000000;3.6416016000
1578454260;21.3750000000;37.0000000000;1012.9800000000;3.6416016000
1578454320;21.3750000000;37.0000000000;1013.0000000000;3.6416016000
1578454380;21.3750000000;37.0000000000;1013.0400000000;3.6416016000
1578454440;21.3125000000;38.0000000000;1012.9800000000;3.6416016000
1578454500;21.3125000000;38.0000000000;1013.0100000000;3.6416016000
1578454560;21.3125000000;38.0000000000;1013.0600000000;3.6416016000
1578454620;21.3125000000;38.0000000000;1013.0000000000;3.6416016000
1578454680;21.3125000000;38.0000000000;1013.0600000000;3.6416016000
1578454740;21.3125000000;38.0000000000;1013.0000000000;3.6416016000
1578454800;21.3125000000;38.0000000000;1013.0300000000;3.6416016000
1578454860;21.3125000000;38.0000000000;1012.9900000000;3.6416016000
1578454920;21.3125000000;38.0000000000;1013.0500000000;3.6416016000
1578454980;21.3125000000;37.0000000000;1013.0300000000;3.6416016000
1578455040;21.3125000000;37.0000000000;1013.0500000000;3.6416016000
1578455100;21.3125000000;37.0000000000;1013.0100000000;3.6416016000
1578455160;21.3125000000;38.0000000000;1012.9800000000;3.6416016000
1578455220;21.3125000000;38.0000000000;1012.9300000000;3.6416016000
1578455280;21.3125000000;38.0000000000;1012.9400000000;3.6416016000
1578455340;21.3125000000;37.0000000000;1012.9500000000;3.6416016000
1578455400;21.3125000000;37.0000000000;1012.9700000000;3.6416016000
1578455460;21.3125000000;37.0000000000;1012.9100000000;3.6416016000
1578455520;21.3125000000;38.0000000000;1012.9600000000;3.6416016000
1578455580;21.3125000000;38.0000000000;1012.9900000000;3.6416016000
1578455640;21.3125000000;38.0000000000;1012.9300000000;3.6416016000
1578455700;21.3125000000;37.0000000000;1012.9700000000;3.6416016000
1578455760;21.3125000000;37.0000000000;1012.9400000000;3.6416016000
1578455820;21.3125000000;37.0000000000;1012.9800000000;3.6416016000
1578455880;21.3125000000;38.0000000000;1012.8800000000;3.6416016000
1578455940;21.3125000000;38.0000000000;1012.9300000000;3.6416016000
1578456000;21.3125000000;38.0000000000;1013.0000000000;3.6416016000
1578456060;21.3125000000;37.0000000000;1012.9700000000;3.6416016000
1578456120;21.3125000000;37.0000000000;1012.9300000000;3.6416016000
1578456180;21.3125000000;37.0000000000;1012.9900000000;3.6416016000
1578456240;21.3125000000;38.0000000000;1012.9900000000;3.6416016000
1578456300;21.3125000000;38.0000000000;1012.9900000000;3.6416016000
1578456360;21.3125000000;38.0000000000;1012.9100000000;3.6416016000
1578456420;21.3125000000;38.0000000000;1013.0100000000;3.6416016000
1578456480;21.3125000000;38.0000000000;1012.9800000000;3.6416016000
1578456540;21.3125000000;38.0000000000;1012.9600000000;3.6416016000
1578456600;21.3125000000;37.0000000000;1013.0200000000;3.6416016000
1578456660;21.3125000000;37.0000000000;1012.9500000000;3.6416016000
1578456720;21.3125000000;37.0000000000;1012.9500000000;3.6416016000
1578456780;21.3125000000;37.0000000000;1012.9500000000;3.6416016000
1578456840;21.3125000000;37.0000000000;1012.9000000000;3.6416016000
1578456900;21.3125000000;37.0000000000;1012.9800000000;3.6416016000
1578456960;21.3125000000;37.0000000000;1012.9600000000;3.6416016000
1578457020;21.3125000000;37.0000000000;1012.9400000000;3.6416016000
1578457080;21.2500000000;37.0000000000;1012.8800000000;3.6416016000
1578457140;21.3125000000;37.0000000000;1012.9000000000;3.6416016000
1578457200;21.2500000000;37.0000000000;1012.9100000000;3.6416016000
1578457260;21.2500000000;37.0000000000;1012.8700000000;3.6416016000
1578457320;21.2500000000;37.0000000000;1012.9300000000;3.6416016000
1578457380;21.2500000000;37.0000000000;1012.8800000000;3.6416016000
1578457440;21.2500000000;37.0000000000;1012.9400000000;3.6416016000
1578457500;21.2500000000;37.0000000000;1012.9200000000;3.6416016000
1578457560;21.2500000000;37.0000000000;1012.8500000000;3.6416016000
1578457620;21.2500000000;37.0000000000;1012.8000000000;3.6416016000
1578457680;21.2500000000;38.0000000000;1012.8400000000;3.6416016000
1578457740;21.2500000000;38.0000000000;1012.8700000000;3.6416016000
1578457800;21.2500000000;38.0000000000;1012.8400000000;3.6416016000
1578457860;21.2500000000;38.0000000000;1012.8600000000;3.6416016000
1578457920;21.2500000000;38.0000000000;1012.8200000000;3.6416016000
1578457980;21.2500000000;38.0000000000;1012.8100000000;3.6416016000
1578458040;21.2500000000;38.0000000000;1012.8600000000;3.6416016000
1578458100;21.2500000000;38.0000000000;1012.8300000000;3.6416016000
1578458160;21.2500000000;38.0000000000;1012.8600000000;3.6416016000
1578458220;21.2500000000;37.0000000000;1012.8600000000;3.6416016000
1578458280;21.2500000000;37.0000000000;1012.8800000000;3.6416016000
1578458340;21.2500000000;37.0000000000;1012.8400000000;3.6416016000
1578458400;21.2500000000;37.0000000000;1012.9200000000;3.6416016000
1578458460;21.2500000000;37.0000000000;1012.9400000000;3.6416016000
1578458520;21.2500000000;37.0000000000;1012.9000000000;3.6416016000
1578458580;21.2500000000;37.0000000000;1012.8400000000;3.6416016000
1578458640;21.2500000000;37.0000000000;1012.9600000000;3.6416016000
1578458700;21.2500000000;37.0000000000;1012.8500000000;3.6416016000
1578458760;21.2500000000;36.0000000000;1012.8600000000;3.6416016000
1578458820;21.2500000000;36.0000000000;1012.8700000000;3.6416016000
1578458880;21.2500000000;36.0000000000;1012.8300000000;3.6416016000
1578458940;21.2500000000;36.0000000000;1012.8300000000;3.6416016000
1578459000;21.2500000000;36.0000000000;1012.8700000000;3.6416016000
1578459060;21.2500000000;36.0000000000;1012.8400000000;3.6416016000
1578459120;21.1875000000;37.0000000000;1012.8400000000;3.6416016000
1578459180;21.2500000000;37.0000000000;1012.8400000000;3.6416016000
1578459240;21.2500000000;37.0000000000;1012.8000000000;3.6416016000
1578459300;21.2500000000;37.0000000000;1012.8200000000;3.6416016000
1578459360;21.2500000000;37.0000000000;1012.8600000000;3.6416016000
1578459420;21.1875000000;37.0000000000;1012.8600000000;3.6416016000
1578459480;21.2500000000;37.0000000000;1012.8600000000;3.6416016000
1578459540;21.1875000000;37.0000000000;1012.9300000000;3.6416016000
1578459600;21.2500000000;37.0000000000;1012.8500000000;3.6416016000
1578459660;21.1875000000;36.0000000000;1012.8500000000;3.6416016000
1578459720;21.1875000000;36.0000000000;1012.8500000000;3.6416016000
1578459780;21.1875000000;36.0000000000;1012.8300000000;3.6416016000
1578459840;21.1875000000;38.0000000000;1012.8900000000;3.6416016000
1578459900;21.1875000000;38.0000000000;1012.8200000000;3.6416016000
1578459960;21.1875000000;38.0000000000;1012.8800000000;3.6416016000
1578460020;21.1875000000;37.0000000000;1012.9000000000;3.6416016000
1578460080;21.1875000000;37.0000000000;1012.8500000000;3.6416016000
1578460140;21.1875000000;37.0000000000;1012.9000000000;3.6416016000
1578460200;21.1875000000;37.0000000000;1012.9400000000;3.6416016000
1578460260;21.1875000000;37.0000000000;1012.9200000000;3.6416016000
1578460320;21.1875000000;37.0000000000;1012.9300000000;3.6416016000
1578460380;21.1875000000;37.0000000000;1012.9400000000;3.6416016000
1578460440;21.1875000000;37.0000000000;1012.9300000000;3.6416016000
1578460500;21.1875000000;37.0000000000;1012.9400000000;3.6416016000
1578460560;21.1875000000;38.0000000000;1012.9400000000;3.6416016000
1578460620;21.1875000000;38.0000000000;1012.9900000000;3.6416016000
1578460680;21.1875000000;38.0000000000;1012.9300000000;3.6416016000
1578460740;21.1875000000;36.0000000000;1012.9100000000;3.6416016000
1578460800;21.1875000000;36.0000000000;1012.9200000000;3.6416016000
1578460860;21.1875000000;36.0000000000;1012.9800000000;3.6416016000
1578460920;21.1875000000;38.0000000000;1012.9600000000;3.6416016000
1578460980;21.1875000000;38.0000000000;1012.9400000000;3.6416016000
1578461040;21.1875000000;38.0000000000;1012.9700000000;3.6416016000
1578461100;21.1875000000;37.0000000000;1013.0500000000;3.6416016000
1578461160;21.1875000000;37.0000000000;1012.9800000000;3.6416016000
1578461220;21.1875000000;37.0000000000;1012.9800000000;3.6416016000
1578461280;21.1875000000;38.0000000000;1013.0300000000;3.6416016000
1578461340;21.1875000000;38.0000000000;1013.0200000000;3.6416016000
1578461400;21.1875000000;38.0000000000;1013.0800000000;3.6416016000
1578461460;21.1875000000;36.0000000000;1013.0300000000;3.6416016000
1578461520;21.1875000000;36.0000000000;1013.0600000000;3.6416016000
1578461580;21.1875000000;36.0000000000;1013.0400000000;3.6416016000
1578461640;21.1875000000;38.0000000000;1012.9600000000;3.6416016000
1578461700;21.1875000000;38.0000000000;1013.0200000000;3.6416016000
1578461760;21.1875000000;38.0000000000;1013.0500000000;3.6416016000
1578461820;21.1875000000;38.0000000000;1013.0800000000;3.6416016000
1578461880;21.1875000000;38.0000000000;1013.0800000000;3.6416016000
1578461940;21.1875000000;38.0000000000;1013.0600000000;3.6416016000
1578462000;21.1875000000;38.0000000000;1013.0500000000;3.6416016000
1578462060;21.1875000000;38.0000000000;1013.0500000000;3.6416016000
1578462120;21.1875000000;38.0000000000;1013.0300000000;3.6416016000
1578462180;21.1875000000;38.0000000000;1013.0300000000;3.6416016000
1578462240;21.1875000000;38.0000000000;1013.0900000000;3.6416016000
1578462300;21.1875000000;38.0000000000;1013.0800000000;3.6416016000
1578462360;21.1875000000;37.0000000000;1013.1200000000;3.6416016000
1578462420;21.1875000000;37.0000000000;1013.0300000000;3.6416016000
1578462480;21.1875000000;37.0000000000;1013.1000000000;3.6416016000
1578462540;21.1875000000;38.0000000000;1013.0500000000;3.6416016000
1578462600;21.1875000000;38.0000000000;1013.0800000000;3.6416016000
1578462660;21.1875000000;38.0000000000;1013.0900000000;3.6416016000
1578462720;21.1250000000;38.0000000000;1013.1200000000;3.6416016000
1578462780;21.1875000000;38.0000000000;1013.1100000000;3.6416016000
1578462840;21.1875000000;38.0000000000;1013.0600000000;3.6416016000
1578462900;21.1875000000;38.0000000000;1013.0700000000;3.6416016000
1578462960;21.1875000000;38.0000000000;1013.0300000000;3.6416016000
1578463020;21.1875000000;38.0000000000;1013.1200000000;3.6416016000
1578463080;21.1875000000;38.0000000000;1013.1200000000;3.6416016000
1578463140;21.1875000000;38.0000000000;1013.1100000000;3.6416016000
1578463200;21.1875000000;38.0000000000;1013.1300000000;3.6416016000
1578463260;21.1875000000;37.0000000000;1013.2100000000;3.6416016000
1578463320;21.1250000000;37.0000000000;1013.1800000000;3.6416016000
1578463380;21.1250000000;37.0000000000;1013.2000000000;3.6416016000
1578463440;21.1250000000;38.0000000000;1013.1700000000;3.6416016000
1578463500;21.1250000000;38.0000000000;1013.1800000000;3.6416016000
1578463560;21.1875000000;38.0000000000;1013.1400000000;3.6416016000
1578463620;21.1250000000;38.0000000000;1013.2200000000;3.6416016000
1578463680;21.1250000000;38.0000000000;1013.2200000000;3.6416016000
1578463740;21.1250000000;38.0000000000;1013.1600000000;3.6416016000
1578463800;21.1250000000;38.0000000000;1013.2100000000;3.6416016000
1578463860;21.1875000000;38.0000000000;1013.1700000000;3.6416016000
1578463920;21.1875000000;38.0000000000;1013.1900000000;3.6416016000
1578463980;21.1250000000;38.0000000000;1013.2400000000;3.6416016000
1578464040;21.1250000000;38.0000000000;1013.2300000000;3.6416016000
1578464100;21.1250000000;38.0000000000;1013.2000000000;3.6416016000
1578464160;21.1250000000;38.0000000000;1013.2100000000;3.6416016000
1578464220;21.1250000000;38.0000000000;1013.2000000000;3.6416016000
1578464280;21.1250000000;38.0000000000;1013.1600000000;3.6416016000
1578464340;21.1250000000;37.0000000000;1013.2300000000;3.6416016000
1578464400;21.1250000000;37.0000000000;1013.1300000000;3.6416016000
1578464460;21.1250000000;37.0000000000;1013.1500000000;3.6416016000
1578464520;21.1250000000;38.0000000000;1013.1400000000;3.6416016000
1578464580;21.1250000000;38.0000000000;1013.1700000000;3.6416016000
1578464640;21.1250000000;38.0000000000;1013.1700000000;3.6416016000
1578464700;21.1250000000;36.0000000000;1013.2100000000;3.6416016000
1578464760;21.1250000000;36.0000000000;1013.2300000000;3.6416016000
1578464820;21.1250000000;36.0000000000;1013.3000000000;3.6416016000
1578464880;21.1250000000;38.0000000000;1013.2200000000;3.6416016000
1578464940;21.1250000000;38.0000000000;1013.2700000000;3.6416016000
1578465000;21.1250000000;38.0000000000;1013.2700000000;3.6416016000
1578465060;21.1250000000;36.0000000000;1013.2800000000;3.6416016000
1578465120;21.1250000000;36.0000000000;1013.3500000000;3.6416016000
1578465180;21.1250000000;36.0000000000;1013.3500000000;3.6416016000
1578465240;21.1250000000;38.0000000000;1013.3100000000;3.6416016000
1578465300;21.1250000000;38.0000000000;1013.3500000000;3.6416016000
1578465360;21.1250000000;38.0000000000;1013.2200000000;3.6416016000
1578465420;21.1250000000;38.0000000000;1013.3500000000;3.6416016000
1578465480;21.1250000000;38.0000000000;1013.2800000000;3.6416016000
1578465540;21.1250000000;38.0000000000;1013.3000000000;3.6416016000
1578465600;21.1250000000;36.0000000000;1013.3300000000;3.6416016000
1578465660;21.1250000000;36.0000000000;1013.3000000000;3.6416016000
1578465720;21.1250000000;36.0000000000;1013.3300000000;3.6416016000
1578465780;21.1250000000;37.0000000000;1013.3700000000;3.6416016000
1578465840;21.1250000000;37.0000000000;1013.3300000000;3.6416016000
1578465900;21.1250000000;37.0000000000;1013.3100000000;3.6416016000
1578465960;21.1250000000;38.0000000000;1013.3100000000;3.6416016000
1578466020;21.1250000000;38.0000000000;1013.4000000000;3.6416016000
1578466080;21.1250000000;38.0000000000;1013.3100000000;3.6416016000
1578466140;21.1250000000;38.0000000000;1013.4000000000;3.6416016000
1578466200;21.1250000000;38.0000000000;1013.3900000000;3.6416016000
1578466260;21.1250000000;38.0000000000;1013.3700000000;3.6416016000
1578466320;21.1250000000;36.0000000000;1013.3300000000;3.6416016000
1578466380;21.1250000000;36.0000000000;1013.3700000000;3.6416016000
1578466440;21.1250000000;36.0000000000;1013.3600000000;3.6416016000
1578466500;21.1250000000;38.0000000000;1013.3800000000;3.6416016000
1578466560;21.1250000000;38.0000000000;1013.3600000000;3.6416016000
1578466620;21.1250000000;38.0000000000;1013.3600000000;3.6416016000
1578466680;21.1250000000;37.0000000000;1013.3600000000;3.6416016000
1578466740;21.1250000000;37.0000000000;1013.3700000000;3.6416016000
1578466800;21.1250000000;37.0000000000;1013.3900000000;3.6416016000
1578466860;21.1250000000;38.0000000000;1013.4500000000;3.6416016000
1578466920;21.1250000000;38.0000000000;1013.4500000000;3.6416016000
1578466980;21.1250000000;38.0000000000;1013.4700000000;3.6416016000
1578467040;21.1250000000;38.0000000000;1013.4700000000;3.6416016000
1578467100;21.1250000000;38.0000000000;1013.5100000000;3.6416016000
1578467160;21.1250000000;38.0000000000;1013.5000000000;3.6416016000
1578467220;21.1250000000;36.0000000000;1013.4700000000;3.6416016000
1578467280;21.1250000000;36.0000000000;1013.5100000000;3.6416016000
1578467340;21.1250000000;36.0000000000;1013.4800000000;3.6416016000
1578467400;21.1250000000;36.0000000000;1013.5900000000;3.6416016000
1578467460;21.1250000000;36.0000000000;1013.6900000000;3.6416016000
1578467520;21.1250000000;36.0000000000;1013.5900000000;3.6416016000
1578467580;21.1250000000;38.0000000000;1013.5500000000;3.6416016000
1578467640;21.1250000000;38.0000000000;1013.5900000000;3.6416016000
1578467700;21.1250000000;38.0000000000;1013.5600000000;3.6416016000
1578467760;21.1250000000;36.0000000000;1013.6100000000;3.6416016000
1578467820;21.1250000000;36.0000000000;1013.5800000000;3.6416016000
1578467880;21.1250000000;36.0000000000;1013.6400000000;3.6416016000
1578467940;21.1250000000;36.0000000000;1013.5900000000;3.6416016000
1578468000;21.1250000000;36.0000000000;1013.6200000000;3.6416016000
1578468060;21.1250000000;36.0000000000;1013.5800000000;3.6416016000
1578468120;21.1250000000;38.0000000000;1013.5800000000;3.6416016000
1578468180;21.1250000000;38.0000000000;1013.5900000000;3.6416016000
1578468240;21.1250000000;38.0000000000;1013.6400000000;3.6416016000
1578468300;21.1250000000;36.0000000000;1013.6800000000;3.6416016000
1578468360;21.1250000000;36.0000000000;1013.6200000000;3.6416016000
1578468420;21.1250000000;36.0000000000;1013.6100000000;3.6416016000
1578468480;21.1250000000;37.0000000000;1013.6500000000;3.6416016000
1578468540;21.1250000000;37.0000000000;1013.6800000000;3.6416016000
1578468600;21.1250000000;37.0000000000;1013.6300000000;3.6416016000
1578468660;21.1250000000;36.0000000000;1013.6600000000;3.6416016000
1578468720;21.1250000000;36.0000000000;1013.7400000000;3.6416016000
1578468780;21.1250000000;36.0000000000;1013.7300000000;3.6416016000
1578468840;21.1250000000;37.0000000000;1013.7700000000;3.6416016000
1578468900;21.1250000000;37.0000000000;1013.7100000000;3.6416016000
1578468960;21.1250000000;37.0000000000;1013.8400000000;3.6416016000
1578469020;21.1250000000;37.0000000000;1013.7700000000;3.6416016000
1578469080;21.1250000000;37.0000000000;1013.8400000000;3.6416016000
1578469140;21.1250000000;37.0000000000;1013.7900000000;3.6416016000
1578469200;21.1250000000;36.0000000000;1013.7900000000;3.6351562000
1578469260;21.0625000000;36.0000000000;1013.7600000000;3.6416016000
1578469320;21.1250000000;36.0000000000;1013.8800000000;3.6416016000
1578469380;21.1250000000;38.0000000000;1013.8300000000;3.6416016000
1578469440;21.1250000000;38.0000000000;1013.8400000000;3.6416016000
1578469500;21.1250000000;38.0000000000;1013.8500000000;3.6416016000
1578469560;21.1250000000;38.0000000000;1013.8200000000;3.6416016000
1578469620;21.1250000000;38.0000000000;1013.9600000000;3.6416016000
1578469680;21.1250000000;38.0000000000;1013.9000000000;3.6416016000
1578469740;21.0625000000;36.0000000000;1013.9200000000;3.6416016000
1578469800;21.1250000000;36.0000000000;1013.9400000000;3.6416016000
1578469860;21.1250000000;36.0000000000;1013.9800000000;3.6416016000
1578469920;21.1250000000;37.0000000000;1014.0800000000;3.6416016000
1578469980;21.1250000000;37.0000000000;1014.0200000000;3.6416016000
1578470040;21.0625000000;37.0000000000;1014.0100000000;3.6416016000
1578470100;21.0625000000;36.0000000000;1014.0400000000;3.6416016000
1578470160;21.0625000000;36.0000000000;1014.0700000000;3.6416016000
1578470220;21.1250000000;36.0000000000;1014.0700000000;3.6351562000
1578470280;21.0625000000;38.0000000000;1014.0800000000;3.6416016000
1578470340;21.0625000000;38.0000000000;1014.1100000000;3.6416016000
1578470400;21.0625000000;38.0000000000;1014.0900000000;3.6416016000
1578470460;21.0625000000;36.0000000000;1014.0900000000;3.6416016000
1578470520;21.0625000000;36.0000000000;1014.0100000000;3.6416016000
1578470580;21.0625000000;36.0000000000;1014.1200000000;3.6416016000
1578470640;21.0625000000;37.0000000000;1014.1200000000;3.6416016000
1578470700;21.0625000000;37.0000000000;1014.1000000000;3.6416016000
1578470760;21.0625000000;37.0000000000;1014.1200000000;3.6416016000
1578470820;21.0625000000;36.0000000000;1014.1500000000;3.6416016000
1578470880;21.0625000000;36.0000000000;1014.0500000000;3.6416016000
1578470940;21.0625000000;36.0000000000;1014.0400000000;3.6416016000
1578471000;21.0625000000;36.0000000000;1014.2000000000;3.6416016000
1578471060;21.0625000000;36.0000000000;1014.1500000000;3.6416016000
1578471120;21.0625000000;36.0000000000;1014.1500000000;3.6416016000
1578471180;21.0625000000;36.0000000000;1014.0900000000;3.6416016000
1578471240;21.0625000000;36.0000000000;1014.1600000000;3.6416016000
1578471300;21.0625000000;36.0000000000;1014.1600000000;3.6416016000
1578471360;21.0625000000;37.0000000000;1014.1400000000;3.6416016000
1578471420;21.0625000000;37.0000000000;1014.2100000000;3.6416016000
1578471480;21.0625000000;37.0000000000;1014.0900000000;3.6416016000
1578471540;21.0625000000;37.0000000000;1014.1800000000;3.6416016000
1578471600;21.0625000000;37.0000000000;1014.1800000000;3.6416016000
1578471660;21.0625000000;37.0000000000;1014.1500000000;3.6416016000
1578471720;21.0625000000;38.0000000000;1014.1800000000;3.6416016000
1578471780;21.0625000000;38.0000000000;1014.1800000000;3.6416016000
1578471840;21.0625000000;38.0000000000;1014.2300000000;3.6416016000
1578471900;21.0625000000;38.0000000000;1014.2400000000;3.6416016000
1578471960;21.0625000000;38.0000000000;1014.2700000000;3.6416016000
1578472020;21.0625000000;38.0000000000;1014.2600000000;3.6416016000
1578472080;21.0625000000;36.0000000000;1014.1600000000;3.6416016000
1578472140;21.0625000000;36.0000000000;1014.2300000000;3.6416016000
1578472200;21.0625000000;36.0000000000;1014.2300000000;3.6416016000
1578472260;21.0625000000;37.0000000000;1014.2100000000;3.6416016000
1578472320;21.0625000000;37.0000000000;1014.1900000000;3.6416016000
1578472380;21.0625000000;37.0000000000;1014.3400000000;3.6351562000
1578472440;21.0625000000;37.0000000000;1014.2200000000;3.6416016000
1578472500;21.0625000000;37.0000000000;1014.2000000000;3.6416016000
1578472560;21.0625000000;37.0000000000;1014.2800000000;3.6416016000
1578472620;21.0625000000;36.0000000000;1014.1500000000;3.6416016000
1578472680;21.0625000000;36.0000000000;1014.2700000000;3.6351562000
1578472740;21.0625000000;36.0000000000;1014.2500000000;3.6416016000
1578472800;21.0625000000;36.0000000000;1014.2500000000;3.6416016000
1578472860;21.0625000000;36.0000000000;1014.2800000000;3.6416016000
1578472920;21.0625000000;36.0000000000;1014.3200000000;3.6416016000
1578472980;21.0625000000;36.0000000000;1014.3600000000;3.6416016000
1578473040;21.0625000000;36.0000000000;1014.3700000000;3.6416016000
1578473100;21.0625000000;36.0000000000;1014.3600000000;3.6351562000
1578473160;21.0625000000;36.0000000000;1014.3800000000;3.6416016000
1578473220;21.0625000000;36.0000000000;1014.3500000000;3.6416016000
1578473280;21.0625000000;36.0000000000;1014.4100000000;3.6416016000
1578473340;21.0625000000;36.0000000000;1014.4300000000;3.6416016000
1578473400;21.0625000000;36.0000000000;1014.3700000000;3.6416016000
1578473460;21.0625000000;36.0000000000;1014.3700000000;3.6416016000
1578473520;21.0625000000;36.0000000000;1014.3700000000;3.6416016000
1578473580;21.0625000000;36.0000000000;1014.3000000000;3.6416016000
1578473640;21.0625000000;36.0000000000;1014.4300000000;3.6416016000
1578473700;21.0625000000;36.0000000000;1014.4100000000;3.6416016000
1578473760;21.0625000000;36.0000000000;1014.4300000000;3.6416016000
1578473820;21.0625000000;36.0000000000;1014.4500000000;3.6416016000
1578473880;21.0625000000;36.0000000000;1014.4500000000;3.6351562000
1578473940;21.0625000000;36.0000000000;1014.4600000000;3.6416016000
1578474000;21.0625000000;36.0000000000;1014.4000000000;3.6416016000
1578474060;21.0625000000;36.0000000000;1014.4300000000;3.6416016000
1578474120;21.0625000000;36.0000000000;1014.3900000000;3.6416016000
1578474180;21.0625000000;36.0000000000;1014.4200000000;3.6416016000
1578474240;21.0625000000;37.0000000000;1014.4000000000;3.6416016000
1578474300;21.0625000000;37.0000000000;1014.4900000000;3.6416016000
1578474360;21.0625000000;37.0000000000;1014.3400000000;3.6351562000
1578474420;21.0625000000;36.0000000000;1014.3600000000;3.6416016000
1578474480;21.0625000000;36.0000000000;1014.4300000000;3.6416016000
1578474540;21.0625000000;36.0000000000;1014.4100000000;3.6351562000
1578474600;21.0625000000;36.0000000000;1014.4400000000;3.6416016000
1578474660;21.0625000000;36.0000000000;1014.5200000000;3.6416016000
1578474720;21.0625000000;36.0000000000;1014.4400000000;3.6416016000
1578474780;21.0625000000;37.0000000000;1014.4300000000;3.6416016000
1578474840;21.0625000000;37.0000000000;1014.5100000000;3.6416016000
1578474900;21.0625000000;37.0000000000;1014.5300000000;3.6416016000
1578474960;21.0625000000;37.0000000000;1014.5700000000;3.6416016000
1578475020;21.0625000000;37.0000000000;1014.5700000000;3.6416016000
1578475080;21.0625000000;37.0000000000;1014.5600000000;3.6416016000
1578475140;21.0625000000;37.0000000000;1014.4800000000;3.6416016000
1578475200;21.0625000000;37.0000000000;1014.5200000000;3.6416016000
1578475260;21.0625000000;37.0000000000;1014.5900000000;3.6416016000
1578475320;21.0625000000;38.0000000000;1014.5400000000;3.6416016000
1578475380;21.0625000000;38.0000000000;1014.6000000000;3.6416016000
1578475440;21.0625000000;38.0000000000;1014.6300000000;3.6416016000
1578475500;21.0625000000;43.0000000000;1014.6700000000;3.6416016000
1578475560;21.0625000000;43.0000000000;1014.6200000000;3.6351562000
1578475620;21.0625000000;43.0000000000;1014.6200000000;3.6416016000
1578475680;21.0625000000;45.0000000000;1014.6000000000;3.6416016000
1578475740;21.1250000000;45.0000000000;1014.5900000000;3.6416016000
1578475800;21.1250000000;45.0000000000;1014.6700000000;3.6416016000
1578475860;21.1250000000;46.0000000000;1014.7700000000;3.6416016000
1578475920;21.1250000000;46.0000000000;1014.6900000000;3.6416016000
1578475980;21.1875000000;46.0000000000;1014.7000000000;3.6416016000
1578476040;21.1875000000;49.0000000000;1014.7300000000;3.6351562000
1578476100;21.1875000000;49.0000000000;1014.7100000000;3.6416016000
1578476868;21.3125000000;48.0000000000;1014.8900000000;3.6351562000
1578476869;21.3750000000;48.0000000000;1014.8200000000;3.6416016000
1578476880;21.3125000000;48.0000000000;1014.8500000000;3.6416016000
1578476940;21.3750000000;48.0000000000;1014.8800000000;3.6416016000
1578477000;21.3125000000;48.0000000000;1014.8600000000;3.6416016000
1578477060;21.3750000000;48.0000000000;1014.9100000000;3.6416016000
1578477120;21.3750000000;48.0000000000;1014.9100000000;3.6416016000
1578477180;21.3750000000;48.0000000000;1014.9200000000;3.6416016000
1578477240;21.3750000000;48.0000000000;1014.9000000000;3.6416016000
1578477300;21.4375000000;47.0000000000;1014.9400000000;3.6416016000
1578477360;21.4375000000;47.0000000000;1014.9500000000;3.6416016000
1578477420;21.5000000000;47.0000000000;1014.9200000000;3.6416016000
1578477480;21.5000000000;47.0000000000;1014.9300000000;3.6416016000
1578477540;21.5000000000;47.0000000000;1014.9700000000;3.6416016000
1578477600;21.5000000000;47.0000000000;1014.9400000000;3.6416016000
1578477660;21.5625000000;47.0000000000;1014.8600000000;3.6351562000
1578477720;21.5625000000;47.0000000000;1014.9700000000;3.6416016000
1578477780;21.5625000000;47.0000000000;1014.9300000000;3.6416016000
1578477840;21.5625000000;48.0000000000;1014.9500000000;3.6351562000
1578477900;21.5625000000;48.0000000000;1014.8900000000;3.6416016000
1578477960;21.5625000000;48.0000000000;1014.9700000000;3.6351562000
1578478020;21.5625000000;46.0000000000;1014.8900000000;3.6416016000
1578478080;21.5625000000;46.0000000000;1014.9900000000;3.6416016000
1578478140;21.6250000000;46.0000000000;1014.9600000000;3.6416016000
1578478200;21.6250000000;46.0000000000;1014.9500000000;3.6416016000
1578478260;21.6250000000;46.0000000000;1014.9200000000;3.6416016000
1578478320;21.6250000000;46.0000000000;1014.9600000000;3.6416016000
1578478380;21.6250000000;45.0000000000;1015.0500000000;3.6416016000
1578478440;21.6250000000;45.0000000000;1015.0000000000;3.6351562000
1578478500;21.6875000000;45.0000000000;1015.0000000000;3.6416016000
1578478560;21.6875000000;45.0000000000;1015.0500000000;3.6351562000
1578478620;21.6875000000;45.0000000000;1015.0400000000;3.6416016000
1578478680;21.6875000000;45.0000000000;1014.9800000000;3.6416016000
1578478740;21.6875000000;45.0000000000;1015.0600000000;3.6416016000
1578478800;21.6875000000;45.0000000000;1015.0800000000;3.6416016000
1578478860;21.6875000000;45.0000000000;1015.0800000000;3.6416016000
1578478920;21.6875000000;45.0000000000;1015.0800000000;3.6416016000
